form_id,seen_count,total_quantity,category_guess,plugin_hint,reason,note,sample_saves,suggested_name,suggested_category,verified_source
0100314A,27,2646,Plugin / DLC,Update.esm | 0100314A | Full FormID with load-order byte,non-zero load-order byte; likely DLC or modded item,count field found; save-copy edits only,Save10_4DE9A13B_0_7361766520746573742070632023303030303030303030303032_WhiterunDragonsreach_000131_20260609061250_1_1(1).ess; Save10_4DE9A13B_0_7361766520746573742070632023303030303030303030303032_WhiterunDragonsreach_000131_20260609061250_1_1(2).ess; Save10_4DE9A13B_0_7361766520746573742070632023303030303030303030303032_WhiterunDragonsreach_000131_20260609061250_1_1.ess; Save5_4DE9A13B_0_7361766520746573742070632023303030303030303030303032_WhiterunDragonsreach_000109_20260609054956_1_1.ess; Save6_4DE9A13B_0_7361766520746573742070632023303030303030303030303032_WhiterunDragonsreach_000119_20260609055939_1_1(1).ess; Save6_4DE9A13B_0_7361766520746573742070632023303030303030303030303032_WhiterunDragonsreach_000119_20260609055939_1_1.ess; Save7_4DE9A13B_0_7361766520746573742070632023303030303030303030303032_WhiterunDragonsreach_000120_20260609060115_1_1.ess; Save8_4DE9A13B_0_7361766520746573742070632023303030303030303030303032_WhiterunWorld_000123_20260609060445_1_1.ess,,,
01000811,9,9,Plugin / DLC,Update.esm | 01000811 | Full FormID with load-order byte,non-zero load-order byte; likely DLC or modded item,count field found; save-copy edits only,Save10_4DE9A13B_0_7361766520746573742070632023303030303030303030303032_WhiterunDragonsreach_000131_20260609061250_1_1(1).ess; Save10_4DE9A13B_0_7361766520746573742070632023303030303030303030303032_WhiterunDragonsreach_000131_20260609061250_1_1(2).ess; Save10_4DE9A13B_0_7361766520746573742070632023303030303030303030303032_WhiterunDragonsreach_000131_20260609061250_1_1.ess; Save5_4DE9A13B_0_7361766520746573742070632023303030303030303030303032_WhiterunDragonsreach_000109_20260609054956_1_1.ess; Save6_4DE9A13B_0_7361766520746573742070632023303030303030303030303032_WhiterunDragonsreach_000119_20260609055939_1_1(1).ess; Save6_4DE9A13B_0_7361766520746573742070632023303030303030303030303032_WhiterunDragonsreach_000119_20260609055939_1_1.ess; Save7_4DE9A13B_0_7361766520746573742070632023303030303030303030303032_WhiterunDragonsreach_000120_20260609060115_1_1.ess; Save8_4DE9A13B_0_7361766520746573742070632023303030303030303030303032_WhiterunWorld_000123_20260609060445_1_1.ess,,,
020071D2,9,0,Plugin / DLC,Dawnguard.esm | 020071D2 | Full FormID with load-order byte,non-zero load-order byte; likely DLC or modded item,dormant zero-count row; Count > 0 re-adds this existing row without inserting bytes,Save10_4DE9A13B_0_7361766520746573742070632023303030303030303030303032_WhiterunDragonsreach_000131_20260609061250_1_1(1).ess; Save10_4DE9A13B_0_7361766520746573742070632023303030303030303030303032_WhiterunDragonsreach_000131_20260609061250_1_1(2).ess; Save10_4DE9A13B_0_7361766520746573742070632023303030303030303030303032_WhiterunDragonsreach_000131_20260609061250_1_1.ess; Save5_4DE9A13B_0_7361766520746573742070632023303030303030303030303032_WhiterunDragonsreach_000109_20260609054956_1_1.ess; Save6_4DE9A13B_0_7361766520746573742070632023303030303030303030303032_WhiterunDragonsreach_000119_20260609055939_1_1(1).ess; Save6_4DE9A13B_0_7361766520746573742070632023303030303030303030303032_WhiterunDragonsreach_000119_20260609055939_1_1.ess; Save7_4DE9A13B_0_7361766520746573742070632023303030303030303030303032_WhiterunDragonsreach_000120_20260609060115_1_1.ess; Save8_4DE9A13B_0_7361766520746573742070632023303030303030303030303032_WhiterunWorld_000123_20260609060445_1_1.ess,,,
04018B0F,9,243,Plugin / DLC,Dragonborn.esm | 04018B0F | Full FormID with load-order byte,non-zero load-order byte; likely DLC or modded item,count field found; save-copy edits only,Save10_4DE9A13B_0_7361766520746573742070632023303030303030303030303032_WhiterunDragonsreach_000131_20260609061250_1_1(1).ess; Save10_4DE9A13B_0_7361766520746573742070632023303030303030303030303032_WhiterunDragonsreach_000131_20260609061250_1_1(2).ess; Save10_4DE9A13B_0_7361766520746573742070632023303030303030303030303032_WhiterunDragonsreach_000131_20260609061250_1_1.ess; Save5_4DE9A13B_0_7361766520746573742070632023303030303030303030303032_WhiterunDragonsreach_000109_20260609054956_1_1.ess; Save6_4DE9A13B_0_7361766520746573742070632023303030303030303030303032_WhiterunDragonsreach_000119_20260609055939_1_1(1).ess; Save6_4DE9A13B_0_7361766520746573742070632023303030303030303030303032_WhiterunDragonsreach_000119_20260609055939_1_1.ess; Save7_4DE9A13B_0_7361766520746573742070632023303030303030303030303032_WhiterunDragonsreach_000120_20260609060115_1_1.ess; Save8_4DE9A13B_0_7361766520746573742070632023303030303030303030303032_WhiterunWorld_000123_20260609060445_1_1.ess,,,
04033BB2,9,18,Plugin / DLC,Dragonborn.esm | 04033BB2 | Full FormID with load-order byte,non-zero load-order byte; likely DLC or modded item,count field found; save-copy edits only,Save10_4DE9A13B_0_7361766520746573742070632023303030303030303030303032_WhiterunDragonsreach_000131_20260609061250_1_1(1).ess; Save10_4DE9A13B_0_7361766520746573742070632023303030303030303030303032_WhiterunDragonsreach_000131_20260609061250_1_1(2).ess; Save10_4DE9A13B_0_7361766520746573742070632023303030303030303030303032_WhiterunDragonsreach_000131_20260609061250_1_1.ess; Save5_4DE9A13B_0_7361766520746573742070632023303030303030303030303032_WhiterunDragonsreach_000109_20260609054956_1_1.ess; Save6_4DE9A13B_0_7361766520746573742070632023303030303030303030303032_WhiterunDragonsreach_000119_20260609055939_1_1(1).ess; Save6_4DE9A13B_0_7361766520746573742070632023303030303030303030303032_WhiterunDragonsreach_000119_20260609055939_1_1.ess; Save7_4DE9A13B_0_7361766520746573742070632023303030303030303030303032_WhiterunDragonsreach_000120_20260609060115_1_1.ess; Save8_4DE9A13B_0_7361766520746573742070632023303030303030303030303032_WhiterunWorld_000123_20260609060445_1_1.ess,,,
04037D41,9,108,Plugin / DLC,Dragonborn.esm | 04037D41 | Full FormID with load-order byte,non-zero load-order byte; likely DLC or modded item,count field found; save-copy edits only,Save10_4DE9A13B_0_7361766520746573742070632023303030303030303030303032_WhiterunDragonsreach_000131_20260609061250_1_1(1).ess; Save10_4DE9A13B_0_7361766520746573742070632023303030303030303030303032_WhiterunDragonsreach_000131_20260609061250_1_1(2).ess; Save10_4DE9A13B_0_7361766520746573742070632023303030303030303030303032_WhiterunDragonsreach_000131_20260609061250_1_1.ess; Save5_4DE9A13B_0_7361766520746573742070632023303030303030303030303032_WhiterunDragonsreach_000109_20260609054956_1_1.ess; Save6_4DE9A13B_0_7361766520746573742070632023303030303030303030303032_WhiterunDragonsreach_000119_20260609055939_1_1(1).ess; Save6_4DE9A13B_0_7361766520746573742070632023303030303030303030303032_WhiterunDragonsreach_000119_20260609055939_1_1.ess; Save7_4DE9A13B_0_7361766520746573742070632023303030303030303030303032_WhiterunDragonsreach_000120_20260609060115_1_1.ess; Save8_4DE9A13B_0_7361766520746573742070632023303030303030303030303032_WhiterunWorld_000123_20260609060445_1_1.ess,,,
0200A2A9,8,24,Plugin / DLC,Dawnguard.esm | 0200A2A9 | Full FormID with load-order byte,non-zero load-order byte; likely DLC or modded item,count field found; save-copy edits only,Save10_4DE9A13B_0_7361766520746573742070632023303030303030303030303032_WhiterunDragonsreach_000131_20260609061250_1_1(1).ess; Save10_4DE9A13B_0_7361766520746573742070632023303030303030303030303032_WhiterunDragonsreach_000131_20260609061250_1_1(2).ess; Save10_4DE9A13B_0_7361766520746573742070632023303030303030303030303032_WhiterunDragonsreach_000131_20260609061250_1_1.ess; Save5_4DE9A13B_0_7361766520746573742070632023303030303030303030303032_WhiterunDragonsreach_000109_20260609054956_1_1.ess; Save6_4DE9A13B_0_7361766520746573742070632023303030303030303030303032_WhiterunDragonsreach_000119_20260609055939_1_1(1).ess; Save6_4DE9A13B_0_7361766520746573742070632023303030303030303030303032_WhiterunDragonsreach_000119_20260609055939_1_1.ess; Save7_4DE9A13B_0_7361766520746573742070632023303030303030303030303032_WhiterunDragonsreach_000120_20260609060115_1_1.ess; Save8_4DE9A13B_0_7361766520746573742070632023303030303030303030303032_WhiterunWorld_000123_20260609060445_1_1.ess,,,
020090FA,3,0,Plugin / DLC,dawnguard.esm | 020090FA | Full FormID with load-order byte,non-zero load-order byte; likely DLC or modded item,dormant zero-count row; Count > 0 re-adds this existing row without inserting bytes,SAVEDATA(14).DAT; SAVEDATA(15).DAT; SAVEDATA(16).DAT,,,
0401899F,3,3,Plugin / DLC,dragonborn.esm | 0401899F | Full FormID with load-order byte,non-zero load-order byte; likely DLC or modded item,"count field found; has extra-data flags, save-copy edits only",SAVEDATA(14).DAT; SAVEDATA(15).DAT; SAVEDATA(16).DAT,,,
010009DE,2,56,Plugin / DLC,Update.esm | 010009DE | Full FormID with load-order byte,non-zero load-order byte; likely DLC or modded item,"count field found; has extra-data flags, save-copy edits only",Save47_14EF1DEC_1_5261676E6172_ccEEJSSE004Interior01_041825_20240818182420_252_1(3).ess,,,
FE01E82C,2,53,Light plugin / ESL,FE01E82C | Light plugin / ESL compact ID | Light-plugin save references need extra care; this build identifies them but does not rewrite them yet.,FE compact FormID; needs light plugin mapping,count field found; save-copy edits only,Save47_14EF1DEC_1_5261676E6172_ccEEJSSE004Interior01_041825_20240818182420_252_1(3).ess,,,
01003111,1,2,Plugin / DLC,Update.esm | 01003111 | Full FormID with load-order byte,non-zero load-order byte; likely DLC or modded item,"count field found; has extra-data flags, save-copy edits only",Save47_14EF1DEC_1_5261676E6172_ccEEJSSE004Interior01_041825_20240818182420_252_1(3).ess,,,
02003FA6,1,74,Plugin / DLC,Dawnguard.esm | 02003FA6 | Full FormID with load-order byte,non-zero load-order byte; likely DLC or modded item,count field found; save-copy edits only,Save47_14EF1DEC_1_5261676E6172_ccEEJSSE004Interior01_041825_20240818182420_252_1(3).ess,,,
0200C0EF,1,43,Plugin / DLC,Dawnguard.esm | 0200C0EF | Full FormID with load-order byte,non-zero load-order byte; likely DLC or modded item,count field found; save-copy edits only,Save47_14EF1DEC_1_5261676E6172_ccEEJSSE004Interior01_041825_20240818182420_252_1(3).ess,,,
0200E8EE,1,371,Plugin / DLC,Dawnguard.esm | 0200E8EE | Full FormID with load-order byte,non-zero load-order byte; likely DLC or modded item,count field found; save-copy edits only; player ChangeForm is zlib-compressed and will be recompressed on save,PAWEL(3).ess,,,
02014029,1,64,Plugin / DLC,Dawnguard.esm | 02014029 | Full FormID with load-order byte,non-zero load-order byte; likely DLC or modded item,count field found; save-copy edits only,Save47_14EF1DEC_1_5261676E6172_ccEEJSSE004Interior01_041825_20240818182420_252_1(3).ess,,,
0201958C,1,1,Plugin / DLC,Dawnguard.esm | 0201958C | Full FormID with load-order byte,non-zero load-order byte; likely DLC or modded item,"count field found; has extra-data flags, save-copy edits only; player ChangeForm is zlib-compressed and will be recompressed on save",PAWEL(3).ess,,,
0301786A,1,1,Plugin / DLC,Dragonborn.esm | 0301786A | Full FormID with load-order byte,non-zero load-order byte; likely DLC or modded item,count field found; save-copy edits only; player ChangeForm is zlib-compressed and will be recompressed on save,PAWEL(3).ess,,,
0301ED08,1,353,Plugin / DLC,Dragonborn.esm | 0301ED08 | Full FormID with load-order byte,non-zero load-order byte; likely DLC or modded item,count field found; save-copy edits only; player ChangeForm is zlib-compressed and will be recompressed on save,PAWEL(3).ess,,,
03020EB2,1,499,Plugin / DLC,Dragonborn.esm | 03020EB2 | Full FormID with load-order byte,non-zero load-order byte; likely DLC or modded item,count field found; save-copy edits only; player ChangeForm is zlib-compressed and will be recompressed on save,PAWEL(3).ess,,,
03020FF4,1,1,Plugin / DLC,Dragonborn.esm | 03020FF4 | Full FormID with load-order byte,non-zero load-order byte; likely DLC or modded item,"count field found; has extra-data flags, save-copy edits only; player ChangeForm is zlib-compressed and will be recompressed on save",PAWEL(3).ess,,,
03024F09,1,2,Plugin / DLC,Dragonborn.esm | 03024F09 | Full FormID with load-order byte,non-zero load-order byte; likely DLC or modded item,count field found; save-copy edits only; player ChangeForm is zlib-compressed and will be recompressed on save,PAWEL(3).ess,,,
0302623A,1,1,Plugin / DLC,Dragonborn.esm | 0302623A | Full FormID with load-order byte,non-zero load-order byte; likely DLC or modded item,"count field found; has extra-data flags, save-copy edits only; player ChangeForm is zlib-compressed and will be recompressed on save",PAWEL(3).ess,,,
030269D5,1,311,Plugin / DLC,Dragonborn.esm | 030269D5 | Full FormID with load-order byte,non-zero load-order byte; likely DLC or modded item,count field found; save-copy edits only; player ChangeForm is zlib-compressed and will be recompressed on save,PAWEL(3).ess,,,
030285D1,1,2,Plugin / DLC,Dragonborn.esm | 030285D1 | Full FormID with load-order byte,non-zero load-order byte; likely DLC or modded item,count field found; save-copy edits only; player ChangeForm is zlib-compressed and will be recompressed on save,PAWEL(3).ess,,,
0302B946,1,3,Plugin / DLC,Dragonborn.esm | 0302B946 | Full FormID with load-order byte,non-zero load-order byte; likely DLC or modded item,"count field found; has extra-data flags, save-copy edits only; player ChangeForm is zlib-compressed and will be recompressed on save",PAWEL(3).ess,,,
03033154,1,1,Plugin / DLC,Dragonborn.esm | 03033154 | Full FormID with load-order byte,non-zero load-order byte; likely DLC or modded item,"count field found; has extra-data flags, save-copy edits only; player ChangeForm is zlib-compressed and will be recompressed on save",PAWEL(3).ess,,,
030346BA,1,1,Plugin / DLC,Dragonborn.esm | 030346BA | Full FormID with load-order byte,non-zero load-order byte; likely DLC or modded item,count field found; save-copy edits only; player ChangeForm is zlib-compressed and will be recompressed on save,PAWEL(3).ess,,,
030395D0,1,1,Plugin / DLC,Dragonborn.esm | 030395D0 | Full FormID with load-order byte,non-zero load-order byte; likely DLC or modded item,count field found; save-copy edits only; player ChangeForm is zlib-compressed and will be recompressed on save,PAWEL(3).ess,,,
0400951A,1,1,Plugin / DLC,HearthFires.esm | 0400951A | Full FormID with load-order byte,non-zero load-order byte; likely DLC or modded item,count field found; save-copy edits only; player ChangeForm is zlib-compressed and will be recompressed on save,PAWEL(3).ess,,,
0400AF77,1,4,Plugin / DLC,HearthFires.esm | 0400AF77 | Full FormID with load-order byte,non-zero load-order byte; likely DLC or modded item,count field found; save-copy edits only; player ChangeForm is zlib-compressed and will be recompressed on save,PAWEL(3).ess,,,
0400EE72,1,500,Plugin / DLC,Dragonborn.esm | 0400EE72 | Full FormID with load-order byte,non-zero load-order byte; likely DLC or modded item,count field found; save-copy edits only,Save3_60A8F9C3_1_417A6172656E_WhiterunWorld_040522_20211027194427_115_1(3).ess,,,
040151A3,1,1,Plugin / DLC,HearthFires.esm | 040151A3 | Full FormID with load-order byte,non-zero load-order byte; likely DLC or modded item,"count field found; has extra-data flags, save-copy edits only; player ChangeForm is zlib-compressed and will be recompressed on save",PAWEL(3).ess,,,
0401A486,1,5,Plugin / DLC,Dragonborn.esm | 0401A486 | Full FormID with load-order byte,non-zero load-order byte; likely DLC or modded item,count field found; save-copy edits only,Save47_14EF1DEC_1_5261676E6172_ccEEJSSE004Interior01_041825_20240818182420_252_1(3).ess,,,
0401D4D0,1,1,Plugin / DLC,Dragonborn.esm | 0401D4D0 | Full FormID with load-order byte,non-zero load-order byte; likely DLC or modded item,"count field found; has extra-data flags, save-copy edits only",Save47_14EF1DEC_1_5261676E6172_ccEEJSSE004Interior01_041825_20240818182420_252_1(3).ess,,,
0401FAF9,1,1,Plugin / DLC,Dragonborn.esm | 0401FAF9 | Full FormID with load-order byte,non-zero load-order byte; likely DLC or modded item,"count field found; has extra-data flags, save-copy edits only",Save47_14EF1DEC_1_5261676E6172_ccEEJSSE004Interior01_041825_20240818182420_252_1(3).ess,,,
04025935,1,18,Plugin / DLC,Dragonborn.esm | 04025935 | Full FormID with load-order byte,non-zero load-order byte; likely DLC or modded item,count field found; save-copy edits only,Save47_14EF1DEC_1_5261676E6172_ccEEJSSE004Interior01_041825_20240818182420_252_1(3).ess,,,
0402710E,1,2,Plugin / DLC,Dragonborn.esm | 0402710E | Full FormID with load-order byte,non-zero load-order byte; likely DLC or modded item,count field found; save-copy edits only,Save47_14EF1DEC_1_5261676E6172_ccEEJSSE004Interior01_041825_20240818182420_252_1(3).ess,,,
040275B8,1,1,Plugin / DLC,Dragonborn.esm | 040275B8 | Full FormID with load-order byte,non-zero load-order byte; likely DLC or modded item,"count field found; has extra-data flags, save-copy edits only",Save47_14EF1DEC_1_5261676E6172_ccEEJSSE004Interior01_041825_20240818182420_252_1(3).ess,,,
04027AF4,1,1,Plugin / DLC,Dragonborn.esm | 04027AF4 | Full FormID with load-order byte,non-zero load-order byte; likely DLC or modded item,"count field found; has extra-data flags, save-copy edits only",Save47_14EF1DEC_1_5261676E6172_ccEEJSSE004Interior01_041825_20240818182420_252_1(3).ess,,,
04028C96,1,1,Plugin / DLC,Dragonborn.esm | 04028C96 | Full FormID with load-order byte,non-zero load-order byte; likely DLC or modded item,count field found; save-copy edits only,Save47_14EF1DEC_1_5261676E6172_ccEEJSSE004Interior01_041825_20240818182420_252_1(3).ess,,,
040321B2,1,1,Plugin / DLC,Dragonborn.esm | 040321B2 | Full FormID with load-order byte,non-zero load-order byte; likely DLC or modded item,"count field found; has extra-data flags, save-copy edits only",Save47_14EF1DEC_1_5261676E6172_ccEEJSSE004Interior01_041825_20240818182420_252_1(3).ess,,,
04034B50,1,1,Plugin / DLC,Dragonborn.esm | 04034B50 | Full FormID with load-order byte,non-zero load-order byte; likely DLC or modded item,count field found; save-copy edits only,Save47_14EF1DEC_1_5261676E6172_ccEEJSSE004Interior01_041825_20240818182420_252_1(3).ess,,,
0403D2D0,1,1,Plugin / DLC,Dragonborn.esm | 0403D2D0 | Full FormID with load-order byte,non-zero load-order byte; likely DLC or modded item,"count field found; has extra-data flags, save-copy edits only",Save47_14EF1DEC_1_5261676E6172_ccEEJSSE004Interior01_041825_20240818182420_252_1(3).ess,,,
09011643,1,1,Plugin / DLC,ccbgssse016-umbra.esm | 09011643 | Full FormID with load-order byte,non-zero load-order byte; likely DLC or modded item,count field found; save-copy edits only,Save47_14EF1DEC_1_5261676E6172_ccEEJSSE004Interior01_041825_20240818182420_252_1(3).ess,,,
0B00099B,1,1,Plugin / DLC,ccbgssse067-daedinv.esm | 0B00099B | Full FormID with load-order byte,non-zero load-order byte; likely DLC or modded item,"count field found; has extra-data flags, save-copy edits only",Save47_14EF1DEC_1_5261676E6172_ccEEJSSE004Interior01_041825_20240818182420_252_1(3).ess,,,
0C000873,1,81,Plugin / DLC,ccbgssse025-advdsgs.esm | 0C000873 | Full FormID with load-order byte,non-zero load-order byte; likely DLC or modded item,"count field found; has extra-data flags, save-copy edits only",Save47_14EF1DEC_1_5261676E6172_ccEEJSSE004Interior01_041825_20240818182420_252_1(3).ess,,,
0C000878,1,50,Plugin / DLC,ccbgssse025-advdsgs.esm | 0C000878 | Full FormID with load-order byte,non-zero load-order byte; likely DLC or modded item,"count field found; has extra-data flags, save-copy edits only",Save47_14EF1DEC_1_5261676E6172_ccEEJSSE004Interior01_041825_20240818182420_252_1(3).ess,,,
0E0017A7,1,1,Plugin / DLC,ccafdsse001-dwesanctuary.esm | 0E0017A7 | Full FormID with load-order byte,non-zero load-order byte; likely DLC or modded item,"count field found; has extra-data flags, save-copy edits only",Save47_14EF1DEC_1_5261676E6172_ccEEJSSE004Interior01_041825_20240818182420_252_1(3).ess,,,
FE000803,1,5,Light plugin / ESL,FE000803 | Light plugin / ESL compact ID | Light-plugin save references need extra care; this build identifies them but does not rewrite them yet.,FE compact FormID; needs light plugin mapping,count field found; save-copy edits only,Save47_14EF1DEC_1_5261676E6172_ccEEJSSE004Interior01_041825_20240818182420_252_1(3).ess,,,
FE013D79,1,1,Light plugin / ESL,FE013D79 | Light plugin / ESL compact ID | Light-plugin save references need extra care; this build identifies them but does not rewrite them yet.,FE compact FormID; needs light plugin mapping,"count field found; has extra-data flags, save-copy edits only",Save47_14EF1DEC_1_5261676E6172_ccEEJSSE004Interior01_041825_20240818182420_252_1(3).ess,,,
FE01FEF9,1,1,Light plugin / ESL,FE01FEF9 | Light plugin / ESL compact ID | Light-plugin save references need extra care; this build identifies them but does not rewrite them yet.,FE compact FormID; needs light plugin mapping,"count field found; has extra-data flags, save-copy edits only",Save47_14EF1DEC_1_5261676E6172_ccEEJSSE004Interior01_041825_20240818182420_252_1(3).ess,,,
FE02B81B,1,1,Light plugin / ESL,FE02B81B | Light plugin / ESL compact ID | Light-plugin save references need extra care; this build identifies them but does not rewrite them yet.,FE compact FormID; needs light plugin mapping,"count field found; has extra-data flags, save-copy edits only",Save47_14EF1DEC_1_5261676E6172_ccEEJSSE004Interior01_041825_20240818182420_252_1(3).ess,,,
FE03BD93,1,1,Light plugin / ESL,FE03BD93 | Light plugin / ESL compact ID | Light-plugin save references need extra care; this build identifies them but does not rewrite them yet.,FE compact FormID; needs light plugin mapping,"count field found; has extra-data flags, save-copy edits only",Save47_14EF1DEC_1_5261676E6172_ccEEJSSE004Interior01_041825_20240818182420_252_1(3).ess,,,
FE03EFF6,1,1,Light plugin / ESL,FE03EFF6 | Light plugin / ESL compact ID | Light-plugin save references need extra care; this build identifies them but does not rewrite them yet.,FE compact FormID; needs light plugin mapping,"count field found; has extra-data flags, save-copy edits only",Save47_14EF1DEC_1_5261676E6172_ccEEJSSE004Interior01_041825_20240818182420_252_1(3).ess,,,
